{
  "app": "mvn -e -q compile exec:java",
  "context": {
    "@aws-cdk/core:enableStackNameDuplicates": "true",
    "aws-cdk:enableDiffNoFail": "true",
    "@aws-cdk/core:stackRelativeExports": "true",
    "environment": "PRD",
    "stack_suffix": "",
    "postgres_full_version": "11.7",
    "postgres_major_version": "11",
    "vpc_id": "vpc-0d59a2b6b2894db3f",
    "region": "usw1",
    "availability_zone": ["us-west-1a" ,"us-west-1c"],
    "db_subnet_group": ["subnet-0dcfc5293ff4ebb10", "subnet-04283c9a88ad56e56"],
    "db_security_group": ["sg-0bba8634e1d9e339c"],
    "db_cluster_id": "aa00002950-po-prd1-clus-1",
    "db_name": "po",
    "db_master_user_name": "po_master",
    "db_port_number": "5432",
    "db_instance_class": "BURSTABLE3",
    "db_instance_size": "MEDIUM",
    "db_cluster_deletion_protection": "false",
    "db_kms_key_arn": "arn:aws:kms:us-west-1:571524409385:key/eadfbd3a-c55d-4b5f-ba84-315c288deb57",
    "ecs_cluster_name": "participant-outcomes",
    "ecs_platform_version": "VERSION1_4",
    "tags": {
      "usage-id": "AA00002950"
    },
    "sidecar": {
      "id": "Sidecar",
      "image_name": "571524409385.dkr.ecr.us-west-1.amazonaws.com/aa00001283-ixt-nginx-sidecar",
      "environment": {
      },
      "secrets": {
        "TLS_CERT": "/prd/sslcert-int",
        "TLS_KEY": "/prd/sslprvkey-int"
      },
      "port": 8443
    },
    "ecs_services": [
      {
        "id": "Calculator",
        "name": "po-calculator-service-prd1",
        "memory": 1024,
        "cpu": 512,
        "ecs_container_name": "po-calculator-service-prd",
        "ecs_image_name": "410997643304.dkr.ecr.us-west-1.amazonaws.com/aa00002950-po-calculator-service",
        "ecs_container_environment": {
          "SPRING_PROFILES_ACTIVE": "prod",
          "SERVICE_PORT": 9080
        },
        "ecs_container_secrets": {
          "HOSTNAME": "/PRD/po/service/hostname",
          "MIN_AGE_FOR_ADDITIONAL_CONTRIBUTION_LIMITS": "/PRD/po/retirement/min-age-for-additional-contribution-limits",
          "MAX_EMPLOYEE_CONTRIBUTIONS_WHEN_NOT_MEETING_MIN_AGE_FOR_ADDITIONAL_CONTRIBUTION_LIMITS": "/PRD/po/retirement/max-employee-contributions-when-not-meeting-min-age-for-additional-contribution-limits",
          "MAX_EMPLOYEE_CONTRIBUTIONS_WHEN_MEETING_MIN_AGE_FOR_ADDITIONAL_CONTRIBUTION_LIMITS": "/PRD/po/retirement/max-employee-contributions-when-meeting-min-age-for-additional-contribution-limits",
          "MAX_CONTRIBUTIONS_WHEN_NOT_MEETING_MIN_AGE_FOR_ADDITIONAL_CONTRIBUTION_LIMITS": "/PRD/po/retirement/max-contributions-when-not-meeting-min-age-for-additional-contribution-limits",
          "DEFAULT_RETIREMENT_AGE": "/PRD/po/retirement/default-retirement-age",
          "MAX_CONTRIBUTIONS_WHEN_MEETING_MIN_AGE_FOR_ADDITIONAL_CONTRIBUTION_LIMITS": "/PRD/po/retirement/max-contributions-when-meeting-min-age-for-additional-contribution-limits"
        },
        "ecs_container_log_prefix": "ecs",
        "ecs_service_desired_count": 1,
        "cdk_health_code": "200",
        "cdk_health_path": "/po/calculator/actuator/health",
        "cdk_heath_port": "8443",
        "lb_listeners": [
          {
            "id": "Ext",
            "cdk_wpc1_ext_listener_arn": "arn:aws:elasticloadbalancing:us-west-1:571524409385:listener/app/wrt1-container-ext/c2e3c7404053fdf4/b5b628fdb10b1afe",
            "cdk_web_sg": "sg-03ae7e16d3e34da0f",
            "host_header": "www.myretirement.com",
            "path_pattern": "/po/calculator/*",
            "listener_priority": 51
          }
        ]
      },
      {
        "id": "Content",
        "name": "po-content-service-prd1",
        "memory": 1024,
        "cpu": 512,
        "ecs_container_name": "po-content-service-prd",
        "ecs_image_name": "410997643304.dkr.ecr.us-west-1.amazonaws.com/aa00002950-po-content-service",
        "ecs_container_environment": {
          "SPRING_PROFILES_ACTIVE": "prod",
          "SERVICE_PORT": 9080
        },
        "ecs_container_secrets": {
          "HOSTNAME": "/PRD/po/service/hostname",
          "DATASOURCE_URL": "/PRD/po/datasource/pg/url",
          "DATASOURCE_PO_APP_USER": "/PRD/po/datasource/pg/user",
          "DATASOURCE_PO_APP_USER_PW": "/PRD/po/datasource/pg/password",
          "DATASOURCE_DRIVER_CLASS_NAME": "/PRD/po/datasource/pg/driver-class-name",
          "SMTP_HOST": "/PRD/po/smtp/host",
          "SMTP_USERNAME": "/PRD/po/smtp/username",
          "SMTP_PASSWORD": "/PRD/po/smtp/password",
          "SMTP_PORT": "/PRD/po/smtp/port",
          "AEM_BASE_URL": "/PRD/po/aem/base-url",
          "AEM_ASSETS_PATH": "/PRD/po/aem/path/assets",
          "AEM_COMPANIES_PATH": "/PRD/po/aem/path/companies",
          "DISCLOSURE_BASE_URL": "/PRD/po/dig/base-url",
          "DISCLOSURE_CLIENT_ID": "/PRD/po/dig/client-id",
          "AEM_ALL_CONTENT_CACHE_ENTRY_EXPIRATION_MIN": "/PRD/po/aem/cache/all-content-expiration-min",
          "AEM_PAGE_CACHE_ENTRY_EXPIRATION_MIN": "/PRD/po/aem/cache/page-expiration-min",
          "AEM_FRAGMENT_CACHE_ENTRY_EXPIRATION_MIN": "/PRD/po/aem/cache/fragment-expiration-min",
          "AEM_ASSET_CACHE_ENTRY_EXPIRATION_MIN": "/PRD/po/aem/cache/asset-expiration-min",
          "SMTP_HEALTH_ENTRY_EXPIRES_MIN": "/PRD/po/smtp/health-entry-expiration-min",
          "NON_PROD_CLEANSING_GROUP_EMAIL": "/PRD/po/non-prod-cleansing-group-email"
        },
        "ecs_container_log_prefix": "ecs",
        "ecs_service_desired_count": 1,
        "cdk_health_code": "200",
        "cdk_health_path": "/po/content/actuator/health",
        "cdk_heath_port": "8443",
        "lb_listeners": [
          {
            "id": "Ext",
            "cdk_wpc1_ext_listener_arn": "arn:aws:elasticloadbalancing:us-west-1:571524409385:listener/app/wrt1-container-ext/c2e3c7404053fdf4/b5b628fdb10b1afe",
            "cdk_web_sg": "sg-03ae7e16d3e34da0f",
            "host_header": "www.myretirement.com",
            "path_pattern": "/po/content/*",
            "listener_priority": 52
          }
        ]
      },
      {
        "id": "Marketing",
        "name": "po-marketing-service-prd1",
        "memory": 1024,
        "cpu": 512,
        "ecs_container_name": "po-marketing-service-prd",
        "ecs_image_name": "410997643304.dkr.ecr.us-west-1.amazonaws.com/aa00002950-po-marketing-service",
        "ecs_container_environment": {
          "SPRING_PROFILES_ACTIVE": "prod",
          "SERVICE_PORT": 9080
        },
        "ecs_container_secrets": {
          "HOSTNAME": "/PRD/po/service/hostname"
        },
        "ecs_container_log_prefix": "ecs",
        "ecs_service_desired_count": 1,
        "cdk_health_code": "200",
        "cdk_health_path": "/po/marketing/actuator/health",
        "cdk_heath_port": "8443",
        "lb_listeners": [
          {
            "id": "Ext",
            "cdk_wpc1_ext_listener_arn": "arn:aws:elasticloadbalancing:us-west-1:571524409385:listener/app/wrt1-container-ext/c2e3c7404053fdf4/b5b628fdb10b1afe",
            "cdk_web_sg": "sg-03ae7e16d3e34da0f",
            "host_header": "www.myretirement.com",
            "path_pattern": "/po/marketing/*",
            "listener_priority": 53
          }
        ]
      },
      {
        "id": "Web",
        "name": "po-web-prd1",
        "memory": 512,
        "cpu": 256,
        "ecs_container_name": "participant-outcomes-web-prd1",
        "ecs_image_name": "410997643304.dkr.ecr.us-west-1.amazonaws.com/aa00002950-po-web",
        "ecs_container_environment": {
          "SERVICE_PORT": 9080
        },
        "ecs_container_secrets": {
          "AEM_LOAD_BALANCER_HOST": "/PRD/po/aem/proxy-url-base",
          "AEM_BASE_URL": "/PRD/po/aem/base-url",
          "WEB_CONFIG_JS": "/PRD/po/web/config-js"
        },
        "ecs_container_log_prefix": "ecs",
        "ecs_service_desired_count": 1,
        "cdk_health_code": "200",
        "cdk_health_path": "/",
        "cdk_heath_port": "8443",
        "lb_listeners": [
          {
            "id": "Ext",
            "cdk_wpc1_ext_listener_arn": "arn:aws:elasticloadbalancing:us-west-1:571524409385:listener/app/wrt1-container-ext/c2e3c7404053fdf4/b5b628fdb10b1afe",
            "cdk_web_sg": "sg-03ae7e16d3e34da0f",
            "host_header": "www.myretirement.com",
            "path_pattern": "",
            "listener_priority": 54
          }
        ]
      }
    ],
    "ecs_subnet_groups": [
      {
        "name": "Subnet1",
        "subnet_id": "subnet-0dcfc5293ff4ebb10",
        "availability_zone": "us-west-1a",
        "route_table_id": "rtb-0e3cedb568e2f7910"
      },
      {
        "name": "Subnet2",
        "subnet_id": "subnet-04283c9a88ad56e56",
        "availability_zone": "us-west-1c",
        "route_table_id": "rtb-0e3cedb568e2f7910"
      }
    ],
    "ecs_subnet_group": ["subnet-0dcfc5293ff4ebb10", "subnet-04283c9a88ad56e56"],
    "ecs_security_group": ["sg-0bba8634e1d9e339c"],
    "ecs_target_group_port": 8443
  }
}
