<?xml version="1.0" encoding="UTF-8"?>
<configuration>

    <include resource="org/springframework/boot/logging/logback/defaults.xml"/>

    <springProfile name="alp">
        <appender name="CONSOLE" class="ch.qos.logback.core.ConsoleAppender">
            <encoder>
                <pattern>
                    %d{yyyy-MM-dd} | %d{HH:mm:ss.SSS} | %highlight(%5level) | %-20.20thread | %-30.30logger{30} | %message%n
                </pattern>
                <charset>utf8</charset>
            </encoder>
        </appender>

        <root level="DEBUG">
            <appender-ref ref="CONSOLE"/>
        </root>
    </springProfile>

    <springProfile name="!alp">
        <appender name="async" class="net.logstash.logback.appender.LoggingEventAsyncDisruptorAppender">
            <appender class="ch.qos.logback.core.ConsoleAppender">
                <encoder class="net.logstash.logback.encoder.LoggingEventCompositeJsonEncoder">
                    <providers>
                        <!--
                        Splunk displays the properties in alphabetical order and we'd like to have
                        the timestamp, severity and message sorted to the top.  To enable this we overrode
                        the default names of these properties.
                        -->
                        <timestamp>
                            <fieldName>1-timestamp</fieldName>
                        </timestamp>
                        <logLevel>
                            <fieldName>2-severity</fieldName>
                        </logLevel>
                        <message>
                            <fieldName>3-message</fieldName>
                        </message>
                        <loggerName>
                            <fieldName>logger</fieldName>
                        </loggerName>
                        <threadName>
                            <fieldName>thread</fieldName>
                        </threadName>
                        <throwableClassName/>
                        <throwableRootCauseClassName/>
                        <stackTrace/>
                    </providers>
                </encoder>
            </appender>
        </appender>

        <logger name="root" level="INFO">
            <appender-ref ref="async"/>
        </logger>
    </springProfile>

</configuration>