{
  "app": "mvn -e -q compile exec:java",
  "context": {
    "@aws-cdk/core:enableStackNameDuplicates": "true",
    "aws-cdk:enableDiffNoFail": "true",
    "@aws-cdk/core:stackRelativeExports": "true",
    "environments": [
      {
        "environment": "STG",
        "stack_suffix": "",
        "postgres_full_version": "11.7",
        "postgres_major_version": "11",
        "aws_account_number": "786816582295",
        "vpc_id": "vpc-08d748dd3b4680e90",
        "region": "usw1",
        "availability_zone": [
          "us-west-1a",
          "us-west-1c"
        ],
        "admin-boundary-arn": "arn:aws:iam::786816582295:policy/AdminPermissionsBoundary",
        "db_subnet_group": [
          "subnet-00ce9667a07742e9d",
          "subnet-0e3db44650716da12"
        ],
        "db_security_group": [
          "sg-0820a158ce75ad1e7"
        ],
        "db_cluster_id": "aa00002950-po-stg1-clus-1",
        "db_name": "po",
        "db_master_user_name": "po_master",
        "db_port_number": 5432,
        "db_instance_class": "BURSTABLE3",
        "db_instance_size": "MEDIUM",
        "db_cluster_deletion_protection": "false",
        "db_retention_days": 35,
        "db_kms_key_arn": "arn:aws:kms:us-west-1:786816582295:key/4fbe69c8-e46c-4d6d-a943-0246bf1e14cb",
        "ecs_cluster_name": "participant-outcomes",
        "ecs_platform_version": "VERSION1_4",
        "tags": {
          "usage-id": "AA00002950",
          "sd-period": "NA",
          "exp-date": "99-00-9999",
          "ppmc-id": "85758",
          "toc": "NAD-MC",
          "env-type": "stg",
          "cost-center": "524067"
        },
        "sidecar": {
          "id": "Sidecar",
          "image_name": "786816582295.dkr.ecr.us-west-1.amazonaws.com/aa00001283-ixt-nginx-sidecar",
          "environment": {
          },
          "secrets": {
            "TLS_CERT": "/stg/sslcert-int",
            "TLS_KEY": "/stg/sslprvkey-int"
          },
          "port": 8443
        },
        "ecs_services": [
          {
            "id": "Calculator",
            "name": "po-calculator-service-stg1",
            "memory": 2048,
            "cpu": 1024,
            "ecs_container_name": "po-calculator-service-stg",
            "ecs_image_name": "410997643304.dkr.ecr.us-west-1.amazonaws.com/aa00002950-po-calculator-service",
            "ecs_container_environment": {
              "SPRING_PROFILES_ACTIVE": "stage",
              "SERVICE_PORT": 9080
            },
            "ecs_container_secrets": {
              "HOSTNAME": "/STG/po/service/hostname",
              "MIN_AGE_FOR_ADDITIONAL_CONTRIBUTION_LIMITS": "/STG/po/retirement/min-age-for-additional-contribution-limits",
              "MAX_EMPLOYEE_CONTRIBUTIONS_WHEN_NOT_MEETING_MIN_AGE_FOR_ADDITIONAL_CONTRIBUTION_LIMITS": "/STG/po/retirement/max-employee-contributions-when-not-meeting-min-age-for-additional-contribution-limits",
              "MAX_EMPLOYEE_CONTRIBUTIONS_WHEN_MEETING_MIN_AGE_FOR_ADDITIONAL_CONTRIBUTION_LIMITS": "/STG/po/retirement/max-employee-contributions-when-meeting-min-age-for-additional-contribution-limits",
              "MAX_CONTRIBUTIONS_WHEN_NOT_MEETING_MIN_AGE_FOR_ADDITIONAL_CONTRIBUTION_LIMITS": "/STG/po/retirement/max-contributions-when-not-meeting-min-age-for-additional-contribution-limits",
              "DEFAULT_RETIREMENT_AGE": "/STG/po/retirement/default-retirement-age",
              "MAX_CONTRIBUTIONS_WHEN_MEETING_MIN_AGE_FOR_ADDITIONAL_CONTRIBUTION_LIMITS": "/STG/po/retirement/max-contributions-when-meeting-min-age-for-additional-contribution-limits",
              "JVM_ARGS": "/STG/po/service/jvm/args",
              "SWAGGER_USERNAME": "/STG/po/swagger/username",
              "SWAGGER_PASSWORD": "/STG/po/swagger/password",
              "VENDOR_HEALTH_ENTRY_EXPIRES_MIN": "/STG/po/vendor/health-entry-expiration-min",
              "VENDOR_HEALTH_TIMEOUT_EXPIRES_MIN": "/STG/po/timeout/vendor-health-expiration-min",
              "LOG_LEVEL": "/STG/po/logging/level",
              "ENABLE_LOG_FOR_INTERNAL_HTTP_TRAFFIC" : "/STG/po/logging/enable-log-for-internal-http-traffic",
              "ENABLE_LOG_FOR_VENDOR_HTTP_TRAFFIC" : "/STG/po/logging/enable-log-for-vendor-http-traffic",
              "INTERNAL_HTTP_LOGGING_DISPLAY_ALL_HEADERS" : "/STG/po/logging/internal-http-logging-display-all-headers",
              "INTERNAL_HTTP_LOGGING_DISPLAY_FULL_PAYLOAD" : "/STG/po/logging/internal-http-logging-display-full-payload",
              "VENDOR_HTTP_LOGGING_DISPLAY_ALL_HEADERS" : "/STG/po/logging/vendor-http-logging-display-all-headers",
              "VENDOR_HTTP_LOGGING_DISPLAY_FULL_PAYLOAD" : "/STG/po/logging/vendor-http-logging-display-full-payload",
              "VENDOR_RETROFIT_LOGGING" : "/STG/po/logging/vendor-retrofit-logging"
            },
            "ecs_container_log_prefix": "ecs",
            "ecs_service_desired_count": 3,
            "cdk_health_code": "200",
            "cdk_health_path": "/po/calculator/actuator/health",
            "cdk_heath_port": "8443",
            "lb_listeners": [
              {
                "id": "Ext",
                "cdk_wpc1_ext_listener_arn": "arn:aws:elasticloadbalancing:us-west-1:786816582295:listener/app/wrt1-container-ext/0649678104c187fa/9cf15d307e8d4cfc",
                "cdk_web_sg": "sg-079e16c7417ff5888",
                "host_headers": [
                  "www.stg.myretirement.com",
                  "www.stg.icanretire.com"
                ],
                "path_pattern": "/po/calculator/*",
                "listener_priority": 51
              }
            ]
          },
          {
            "id": "Content",
            "name": "po-content-service-stg1",
            "memory": 2048,
            "cpu": 1024,
            "ecs_container_name": "po-content-service-stg",
            "ecs_image_name": "410997643304.dkr.ecr.us-west-1.amazonaws.com/aa00002950-po-content-service",
            "ecs_container_environment": {
              "SPRING_PROFILES_ACTIVE": "stage",
              "SERVICE_PORT": 9080
            },
            "ecs_container_secrets": {
              "HOSTNAME": "/STG/po/service/hostname",
              "DATASOURCE_URL": "/STG/po/datasource/pg/url",
              "DATASOURCE_PO_APP_USER": "/STG/po/datasource/pg/user",
              "DATASOURCE_PO_APP_USER_PW": "/STG/po/datasource/pg/password",
              "DATASOURCE_DRIVER_CLASS_NAME": "/STG/po/datasource/pg/driver-class-name",
              "HIBERNATE_DIALECT": "/STG/po/jpa/hibernate/dialect",
              "RDS_HEALTH_ENTRY_EXPIRES_MIN": "/STG/po/rds/health-entry-expiration-min",
              "LAUNCH_DARKLY_BASE_URL": "/STG/po/launch-darkly/base-url",
              "LAUNCH_DARKLY_ACCESS_TOKEN": "/STG/po/launch-darkly/access-token",
              "LAUNCH_DARKLY_PROJECT_KEY": "/STG/po/launch-darkly/project-key",
              "LAUNCH_DARKLY_SDK_KEY": "/STG/po/launch-darkly/sdk-key",
              "LAUNCH_DARKLY_USER_KEY_IS_PII": "/STG/po/launch-darkly/user-key-is-pii",
              "LAUNCH_DARKLY_ANONYMOUS_USER_KEY": "/STG/po/launch-darkly/anonymous-user-key",
              "VENDOR_HEALTH_ENTRY_EXPIRES_MIN": "/STG/po/vendor/health-entry-expiration-min",
              "VENDOR_HEALTH_TIMEOUT_EXPIRES_MIN": "/STG/po/timeout/vendor-health-expiration-min",
              "SMTP_HOST": "/STG/po/smtp/host",
              "SMTP_USERNAME": "/STG/po/smtp/username",
              "SMTP_PASSWORD": "/STG/po/smtp/password",
              "SMTP_PORT": "/STG/po/smtp/port",
              "AEM_BASE_URL": "/STG/po/aem/base-url",
              "DISCLOSURE_BASE_URL": "/STG/po/dig/base-url",
              "DISCLOSURE_CLIENT_ID": "/STG/po/dig/client-id",
              "SMTP_HEALTH_ENTRY_EXPIRES_MIN": "/STG/po/smtp/health-entry-expiration-min",
              "NON_PROD_CLEANSING_GROUP_EMAIL": "/STG/po/non-prod-cleansing-group-email",
              "JVM_ARGS": "/STG/po/service/jvm/args",
              "GOOGLE_BASE_URL": "/STG/po/google/base-url",
              "GOOGLE_RECAPTCHA_V2_KEY_SITE": "/STG/po/google/recaptcha/key-site",
              "GOOGLE_RECAPTCHA_V2_KEY_SECRET": "/STG/po/google/recaptcha/key-secret",
              "GOOGLE_RECAPTCHA_V2_TEST_KEY_SITE": "/STG/po/google/recaptcha/test-key-site",
              "GOOGLE_RECAPTCHA_V2_TEST_KEY_SECRET": "/STG/po/google/recaptcha/test-key-secret",
              "RETROFIT_TIMEOUT": "/STG/po/retrofit/timeout",
              "SWAGGER_USERNAME": "/STG/po/swagger/username",
              "SWAGGER_PASSWORD": "/STG/po/swagger/password",
              "LOG_LEVEL": "/STG/po/logging/level",
              "ENABLE_LOG_FOR_INTERNAL_HTTP_TRAFFIC" : "/STG/po/logging/enable-log-for-internal-http-traffic",
              "ENABLE_LOG_FOR_VENDOR_HTTP_TRAFFIC" : "/STG/po/logging/enable-log-for-vendor-http-traffic",
              "INTERNAL_HTTP_LOGGING_DISPLAY_ALL_HEADERS" : "/STG/po/logging/internal-http-logging-display-all-headers",
              "INTERNAL_HTTP_LOGGING_DISPLAY_FULL_PAYLOAD" : "/STG/po/logging/internal-http-logging-display-full-payload",
              "VENDOR_HTTP_LOGGING_DISPLAY_ALL_HEADERS" : "/STG/po/logging/vendor-http-logging-display-all-headers",
              "VENDOR_HTTP_LOGGING_DISPLAY_FULL_PAYLOAD" : "/STG/po/logging/vendor-http-logging-display-full-payload",
              "VENDOR_RETROFIT_LOGGING" : "/STG/po/logging/vendor-retrofit-logging"
            },
            "ecs_container_log_prefix": "ecs",
            "ecs_service_desired_count": 4,
            "cdk_health_code": "200",
            "cdk_health_path": "/po/content/actuator/health",
            "cdk_heath_port": "8443",
            "lb_listeners": [
              {
                "id": "Ext",
                "cdk_wpc1_ext_listener_arn": "arn:aws:elasticloadbalancing:us-west-1:786816582295:listener/app/wrt1-container-ext/0649678104c187fa/9cf15d307e8d4cfc",
                "cdk_web_sg": "sg-079e16c7417ff5888",
                "host_headers": [
                  "www.stg.myretirement.com",
                  "www.stg.icanretire.com"
                ],
                "path_pattern": "/po/content/*",
                "listener_priority": 52
              }
            ]
          },
          {
            "id": "Marketing",
            "name": "po-marketing-service-stg1",
            "memory": 2048,
            "cpu": 1024,
            "ecs_container_name": "po-marketing-service-stg",
            "ecs_image_name": "410997643304.dkr.ecr.us-west-1.amazonaws.com/aa00002950-po-marketing-service",
            "ecs_container_environment": {
              "SPRING_PROFILES_ACTIVE": "stage",
              "SERVICE_PORT": 9080
            },
            "ecs_container_secrets": {
              "HOSTNAME": "/STG/po/service/hostname",
              "JVM_ARGS": "/STG/po/service/jvm/args",
              "SFMC_ENTERPRISE_CLIENT_ID": "/STG/po/sfmc/enterprise-client-id",
              "SFMC_ENTERPRISE_CLIENT_KEYNAME": "/STG/po/sfmc/enterprise-client-keyname",
              "SFMC_ENTERPRISE_CLIENT_CLIENT_ID": "/STG/po/sfmc/enterprise-client-client-id",
              "SFMC_ENTERPRISE_CLIENT_CLIENT_SECRET": "/STG/po/sfmc/enterprise-client-client-secret",
              "SFMC_AUTH_ENDPOINT": "/STG/po/sfmc/auth-endpoint",
              "SFMC_ENDPOINT": "/STG/po/sfmc/endpoint",
              "SFMC_SOAP_ENDPOINT": "/STG/po/sfmc/soap-endpoint",
              "SFMC_OAUTH2_FLAG": "/STG/po/sfmc/oauth2-flag",
              "SFMC_CFX_RECEIVE_TIMEOUT": "/STG/po/sfmc/cfx-receive-timeout",
              "SFMC_CFX_CONNECT_TIMEOUT": "/STG/po/sfmc/cfx-connect-timeout",
              "SFMC_BASE_URL": "/STG/po/sfmc/base-url",
              "GOOGLE_BASE_URL": "/STG/po/google/base-url",
              "GOOGLE_RECAPTCHA_V2_KEY_SITE": "/STG/po/google/recaptcha/key-site",
              "GOOGLE_RECAPTCHA_V2_KEY_SECRET": "/STG/po/google/recaptcha/key-secret",
              "GOOGLE_RECAPTCHA_V2_TEST_KEY_SITE": "/STG/po/google/recaptcha/test-key-site",
              "GOOGLE_RECAPTCHA_V2_TEST_KEY_SECRET": "/STG/po/google/recaptcha/test-key-secret",
              "RETROFIT_TIMEOUT": "/STG/po/retrofit/timeout",
              "SWAGGER_USERNAME": "/STG/po/swagger/username",
              "SWAGGER_PASSWORD": "/STG/po/swagger/password",
              "LAUNCH_DARKLY_BASE_URL": "/STG/po/launch-darkly/base-url",
              "LAUNCH_DARKLY_ACCESS_TOKEN": "/STG/po/launch-darkly/access-token",
              "LAUNCH_DARKLY_PROJECT_KEY": "/STG/po/launch-darkly/project-key",
              "LAUNCH_DARKLY_SDK_KEY": "/STG/po/launch-darkly/sdk-key",
              "LAUNCH_DARKLY_USER_KEY_IS_PII": "/STG/po/launch-darkly/user-key-is-pii",
              "LAUNCH_DARKLY_ANONYMOUS_USER_KEY": "/STG/po/launch-darkly/anonymous-user-key",
              "VENDOR_HEALTH_ENTRY_EXPIRES_MIN": "/STG/po/vendor/health-entry-expiration-min",
              "VENDOR_HEALTH_TIMEOUT_EXPIRES_MIN": "/STG/po/timeout/vendor-health-expiration-min",
              "LOG_LEVEL": "/STG/po/logging/level",
              "ENABLE_LOG_FOR_INTERNAL_HTTP_TRAFFIC" : "/STG/po/logging/enable-log-for-internal-http-traffic",
              "ENABLE_LOG_FOR_VENDOR_HTTP_TRAFFIC" : "/STG/po/logging/enable-log-for-vendor-http-traffic",
              "INTERNAL_HTTP_LOGGING_DISPLAY_ALL_HEADERS" : "/STG/po/logging/internal-http-logging-display-all-headers",
              "INTERNAL_HTTP_LOGGING_DISPLAY_FULL_PAYLOAD" : "/STG/po/logging/internal-http-logging-display-full-payload",
              "VENDOR_HTTP_LOGGING_DISPLAY_ALL_HEADERS" : "/STG/po/logging/vendor-http-logging-display-all-headers",
              "VENDOR_HTTP_LOGGING_DISPLAY_FULL_PAYLOAD" : "/STG/po/logging/vendor-http-logging-display-full-payload",
              "VENDOR_RETROFIT_LOGGING" : "/STG/po/logging/vendor-retrofit-logging"
            },
            "ecs_container_log_prefix": "ecs",
            "ecs_service_desired_count": 2,
            "cdk_health_code": "200",
            "cdk_health_path": "/po/marketing/actuator/health",
            "cdk_heath_port": "8443",
            "lb_listeners": [
              {
                "id": "Ext",
                "cdk_wpc1_ext_listener_arn": "arn:aws:elasticloadbalancing:us-west-1:786816582295:listener/app/wrt1-container-ext/0649678104c187fa/9cf15d307e8d4cfc",
                "cdk_web_sg": "sg-079e16c7417ff5888",
                "host_headers": [
                  "www.stg.myretirement.com",
                  "www.stg.icanretire.com"
                ],
                "path_pattern": "/po/marketing/*",
                "listener_priority": 53
              }
            ]
          },
          {
            "id": "Web",
            "name": "po-web-stg1",
            "memory": 2048,
            "cpu": 1024,
            "ecs_container_name": "participant-outcomes-web-stg1",
            "ecs_image_name": "410997643304.dkr.ecr.us-west-1.amazonaws.com/aa00002950-po-web",
            "ecs_container_environment": {
              "SERVICE_PORT": 9080
            },
            "ecs_container_secrets": {
              "AEM_LOAD_BALANCER_HOST": "/STG/po/aem/proxy-url-base",
              "AEM_BASE_URL": "/STG/po/aem/base-url",
              "DNS_RESOLVER": "/stg/dns/resolver",
              "WEB_CONFIG_JS": "/STG/po/web/config-js"
            },
            "ecs_container_log_prefix": "ecs",
            "ecs_service_desired_count": 1,
            "cdk_health_code": "200",
            "cdk_health_path": "/",
            "cdk_heath_port": "8443",
            "lb_listeners": [
              {
                "id": "Ext",
                "cdk_wpc1_ext_listener_arn": "arn:aws:elasticloadbalancing:us-west-1:786816582295:listener/app/wrt1-container-ext/0649678104c187fa/9cf15d307e8d4cfc",
                "cdk_web_sg": "sg-079e16c7417ff5888",
                "host_headers": [
                  "www.stg.myretirement.com",
                  "www.stg.icanretire.com"
                ],
                "path_pattern": "",
                "listener_priority": 54
              }
            ]
          }
        ],
        "ecs_subnet_groups": [
          {
            "name": "Subnet1",
            "subnet_id": "subnet-00ce9667a07742e9d",
            "availability_zone": "us-west-1a",
            "route_table_id": "rtb-04a9d3ef8c04c232d"
          },
          {
            "name": "Subnet2",
            "subnet_id": "subnet-0e3db44650716da12",
            "availability_zone": "us-west-1c",
            "route_table_id": "rtb-04a9d3ef8c04c232d"
          }
        ],
        "ecs_subnet_group": [
          "subnet-00ce9667a07742e9d",
          "subnet-0e3db44650716da12"
        ],
        "ecs_security_group": [
          "sg-0820a158ce75ad1e7"
        ],
        "ecs_target_group_port": 8443
      }
    ]
  }
}
