{
  "app": "mvn -e -q compile exec:java",
  "context": {
    "@aws-cdk/core:enableStackNameDuplicates": "true",
    "aws-cdk:enableDiffNoFail": "true",
    "@aws-cdk/core:stackRelativeExports": "true",
    "environments": [
      {
        "environment": "D2",
        "create_codepipeline": "true",
        "stack_suffix": "D2",
        "postgres_full_version": "11.7",
        "postgres_major_version": "11",
        "aws_account_number": "903921672561",
        "vpc_id": "vpc-0f3094be8813237c1",
        "region": "usw1",
        "availability_zone": [
          "us-west-1b",
          "us-west-1c"
        ],
        "admin-boundary-arn": "arn:aws:iam::903921672561:policy/AdminPermissionsBoundary",
        "db_subnet_group": [
          "subnet-09aa29b02192c9059",
          "subnet-0869a355939ae2446"
        ],
        "db_security_group": [
          "sg-01b37548e148cae5f",
          "sg-0dce175c8a2fcf6e4"
        ],
        "db_cluster_id": "aa00002950-po-d2-clus-1",
        "db_name": "po",
        "db_master_user_name": "po_master",
        "db_port_number": 5432,
        "db_instance_class": "BURSTABLE3",
        "db_instance_size": "MEDIUM",
        "db_cluster_deletion_protection": "false",
        "db_retention_days": 35,
        "db_kms_key_arn": "arn:aws:kms:us-west-1:903921672561:key/37848475-86dd-48ec-8d60-1b38738d8066",
        "ecs_cluster_name": "participant-outcomes",
        "ecs_platform_version": "VERSION1_4",
        "tags": {
          "usage-id": "AA00002950",
          "sd-period": "NA",
          "exp-date": "99-00-9999",
          "ppmc-id": "85758",
          "toc": "NAD-MC",
          "env-type": "d2",
          "cost-center": "524067"
        },
        "sidecar": {
          "id": "Sidecar",
          "image_name": "903921672561.dkr.ecr.us-west-1.amazonaws.com/ixt-nginx-sidecar",
          "environment": {
          },
          "secrets": {
            "TLS_CERT": "SSLCert-int",
            "TLS_KEY": "SSLPrvKey-int"
          },
          "port": 8443
        },
        "ecs_services": [
          {
            "id": "Calculator",
            "name": "po-calculator-service-d2-1",
            "memory": 2048,
            "cpu": 1024,
            "ecs_container_name": "po-calculator-service-d2",
            "ecs_image_name": "903921672561.dkr.ecr.us-west-1.amazonaws.com/po-calculator-service-d2",
            "source_repo": {
              "repo_name": "participant-outcomes-calculator-service",
              "repo_branch": "d2-branch",
              "oauth_token_secret": "github/oauth/token",
              "repo_owner": "capgroup-cxt"
            },
            "deploy_image_file": "imagedefinitions.json",
            "artifact_bucket": "arn:aws:s3:::codepipeline-us-west-1-942532913283",
            "ecs_container_environment": {
              "SPRING_PROFILES_ACTIVE": "dev",
              "SERVICE_PORT": 9080
            },
            "ecs_container_secrets": {
              "HOSTNAME": "/D2/po/service/hostname",
              "MIN_AGE_FOR_ADDITIONAL_CONTRIBUTION_LIMITS": "/DEV/po/retirement/min-age-for-additional-contribution-limits",
              "MAX_EMPLOYEE_CONTRIBUTIONS_WHEN_NOT_MEETING_MIN_AGE_FOR_ADDITIONAL_CONTRIBUTION_LIMITS": "/DEV/po/retirement/max-employee-contributions-when-not-meeting-min-age-for-additional-contribution-limits",
              "MAX_EMPLOYEE_CONTRIBUTIONS_WHEN_MEETING_MIN_AGE_FOR_ADDITIONAL_CONTRIBUTION_LIMITS": "/DEV/po/retirement/max-employee-contributions-when-meeting-min-age-for-additional-contribution-limits",
              "MAX_CONTRIBUTIONS_WHEN_NOT_MEETING_MIN_AGE_FOR_ADDITIONAL_CONTRIBUTION_LIMITS": "/DEV/po/retirement/max-contributions-when-not-meeting-min-age-for-additional-contribution-limits",
              "DEFAULT_RETIREMENT_AGE": "/DEV/po/retirement/default-retirement-age",
              "MAX_CONTRIBUTIONS_WHEN_MEETING_MIN_AGE_FOR_ADDITIONAL_CONTRIBUTION_LIMITS": "/DEV/po/retirement/max-contributions-when-meeting-min-age-for-additional-contribution-limits",
              "JVM_ARGS": "/DEV/po/service/jvm/args",
              "SWAGGER_USERNAME": "/DEV/po/swagger/username",
              "SWAGGER_PASSWORD": "/DEV/po/swagger/password",
              "LOG_LEVEL": "/DEV/po/logging/level",
              "VENDOR_HEALTH_ENTRY_EXPIRES_MIN": "/DEV/po/vendor/health-entry-expiration-min",
              "VENDOR_HEALTH_TIMEOUT_EXPIRES_MIN": "/DEV/po/timeout/vendor-health-expiration-min",
              "ENABLE_LOG_FOR_INTERNAL_HTTP_TRAFFIC" : "/DEV/po/logging/enable-log-for-internal-http-traffic",
              "ENABLE_LOG_FOR_VENDOR_HTTP_TRAFFIC" : "/DEV/po/logging/enable-log-for-vendor-http-traffic",
              "INTERNAL_HTTP_LOGGING_DISPLAY_ALL_HEADERS" : "/DEV/po/logging/internal-http-logging-display-all-headers",
              "INTERNAL_HTTP_LOGGING_DISPLAY_FULL_PAYLOAD" : "/DEV/po/logging/internal-http-logging-display-full-payload",
              "VENDOR_HTTP_LOGGING_DISPLAY_ALL_HEADERS" : "/DEV/po/logging/vendor-http-logging-display-all-headers",
              "VENDOR_HTTP_LOGGING_DISPLAY_FULL_PAYLOAD" : "/DEV/po/logging/vendor-http-logging-display-full-payload",
              "VENDOR_RETROFIT_LOGGING" : "/DEV/po/logging/vendor-retrofit-logging"
            },
            "ecs_container_log_prefix": "ecs",
            "ecs_service_desired_count": 1,
            "cdk_health_code": "200",
            "cdk_health_path": "/po/calculator/actuator/health",
            "cdk_heath_port": "8443",
            "lb_listeners": [
              {
                "id": "Ext",
                "cdk_wpc1_ext_listener_arn": "arn:aws:elasticloadbalancing:us-west-1:903921672561:listener/app/po-web-dev1/048c6370109fbecd/7f1339b171776385",
                "cdk_web_sg": "sg-0a0a1a3bdf57450b5",
                "host_headers": [
                  "www.d2.dev.myretirement.com",
                  "www.d2.dev.icanretire.com"
                ],
                "path_pattern": "/po/calculator/*",
                "listener_priority": 8
              }
            ]
          },
          {
            "id": "Content",
            "name": "po-content-service-d2-1",
            "memory": 2048,
            "cpu": 1024,
            "ecs_container_name": "po-content-service-d2",
            "ecs_image_name": "903921672561.dkr.ecr.us-west-1.amazonaws.com/po-content-service-d2",
            "source_repo": {
              "repo_name": "participant-outcomes-content-service",
              "repo_branch": "d2-branch",
              "oauth_token_secret": "github/oauth/token",
              "repo_owner": "capgroup-cxt"
            },
            "deploy_image_file": "imagedefinitions.json",
            "artifact_bucket": "arn:aws:s3:::codepipeline-us-west-1-942532913283",
            "ecs_container_environment": {
              "SPRING_PROFILES_ACTIVE": "dev",
              "SERVICE_PORT": 9080
            },
            "ecs_container_secrets": {
              "HOSTNAME": "/D2/po/service/hostname",
              "DATASOURCE_URL": "/DEV/po/datasource/pg/url",
              "DATASOURCE_PO_APP_USER": "/DEV/po/datasource/pg/user",
              "DATASOURCE_PO_APP_USER_PW": "/DEV/po/datasource/pg/password",
              "DATASOURCE_DRIVER_CLASS_NAME": "/DEV/po/datasource/pg/driver-class-name",
              "HIBERNATE_DIALECT": "/DEV/po/jpa/hibernate/dialect",
              "RDS_HEALTH_ENTRY_EXPIRES_MIN": "/DEV/po/rds/health-entry-expiration-min",
              "LAUNCH_DARKLY_BASE_URL": "/DEV/po/launch-darkly/base-url",
              "LAUNCH_DARKLY_ACCESS_TOKEN": "/DEV/po/launch-darkly/access-token",
              "LAUNCH_DARKLY_PROJECT_KEY": "/DEV/po/launch-darkly/project-key",
              "LAUNCH_DARKLY_SDK_KEY": "/DEV/po/launch-darkly/sdk-key",
              "LAUNCH_DARKLY_USER_KEY_IS_PII": "/DEV/po/launch-darkly/user-key-is-pii",
              "LAUNCH_DARKLY_ANONYMOUS_USER_KEY": "/DEV/po/launch-darkly/anonymous-user-key",
              "VENDOR_HEALTH_ENTRY_EXPIRES_MIN": "/DEV/po/vendor/health-entry-expiration-min",
              "SMTP_HOST": "/DEV/po/smtp/host",
              "SMTP_USERNAME": "/DEV/po/smtp/username",
              "SMTP_PASSWORD": "/DEV/po/smtp/password",
              "SMTP_PORT": "/DEV/po/smtp/port",
              "AEM_BASE_URL": "/DEV/po/aem/base-url",
              "DISCLOSURE_BASE_URL": "/DEV/po/dig/base-url",
              "DISCLOSURE_CLIENT_ID": "/DEV/po/dig/client-id",
              "SMTP_HEALTH_ENTRY_EXPIRES_MIN": "/DEV/po/smtp/health-entry-expiration-min",
              "NON_PROD_CLEANSING_GROUP_EMAIL": "/DEV/po/non-prod-cleansing-group-email",
              "JVM_ARGS": "/DEV/po/service/jvm/args",
              "GOOGLE_BASE_URL": "/DEV/po/google/base-url",
              "GOOGLE_RECAPTCHA_V2_KEY_SITE": "/DEV/po/google/recaptcha/key-site",
              "GOOGLE_RECAPTCHA_V2_KEY_SECRET": "/DEV/po/google/recaptcha/key-secret",
              "GOOGLE_RECAPTCHA_V2_TEST_KEY_SITE": "/DEV/po/google/recaptcha/test-key-site",
              "GOOGLE_RECAPTCHA_V2_TEST_KEY_SECRET": "/DEV/po/google/recaptcha/test-key-secret",
              "RETROFIT_TIMEOUT": "/DEV/po/retrofit/timeout",
              "SWAGGER_USERNAME": "/DEV/po/swagger/username",
              "SWAGGER_PASSWORD": "/DEV/po/swagger/password",
              "LOG_LEVEL": "/DEV/po/logging/level",
              "VENDOR_HEALTH_TIMEOUT_EXPIRES_MIN": "/DEV/po/timeout/vendor-health-expiration-min",
              "ENABLE_LOG_FOR_INTERNAL_HTTP_TRAFFIC" : "/DEV/po/logging/enable-log-for-internal-http-traffic",
              "ENABLE_LOG_FOR_VENDOR_HTTP_TRAFFIC" : "/DEV/po/logging/enable-log-for-vendor-http-traffic",
              "INTERNAL_HTTP_LOGGING_DISPLAY_ALL_HEADERS" : "/DEV/po/logging/internal-http-logging-display-all-headers",
              "INTERNAL_HTTP_LOGGING_DISPLAY_FULL_PAYLOAD" : "/DEV/po/logging/internal-http-logging-display-full-payload",
              "VENDOR_HTTP_LOGGING_DISPLAY_ALL_HEADERS" : "/DEV/po/logging/vendor-http-logging-display-all-headers",
              "VENDOR_HTTP_LOGGING_DISPLAY_FULL_PAYLOAD" : "/DEV/po/logging/vendor-http-logging-display-full-payload",
              "VENDOR_RETROFIT_LOGGING" : "/DEV/po/logging/vendor-retrofit-logging"
            },
            "ecs_container_log_prefix": "ecs",
            "ecs_service_desired_count": 1,
            "cdk_health_code": "200",
            "cdk_health_path": "/po/content/actuator/health",
            "cdk_heath_port": "8443",
            "lb_listeners": [
              {
                "id": "Ext",
                "cdk_wpc1_ext_listener_arn": "arn:aws:elasticloadbalancing:us-west-1:903921672561:listener/app/po-web-dev1/048c6370109fbecd/7f1339b171776385",
                "cdk_web_sg": "sg-0a0a1a3bdf57450b5",
                "host_headers": [
                  "www.d2.dev.myretirement.com",
                  "www.d2.dev.icanretire.com"
                ],
                "path_pattern": "/po/content/*",
                "listener_priority": 9
              }
            ]
          },
          {
            "id": "Marketing",
            "name": "po-marketing-service-d2-1",
            "memory": 2048,
            "cpu": 1024,
            "ecs_container_name": "po-marketing-service-d2",
            "ecs_image_name": "903921672561.dkr.ecr.us-west-1.amazonaws.com/po-marketing-service-d2",
            "source_repo": {
              "repo_name": "participant-outcomes-marketing-service",
              "repo_branch": "d2-branch",
              "oauth_token_secret": "github/oauth/token",
              "repo_owner": "capgroup-cxt"
            },
            "ecs_container_environment": {
              "SPRING_PROFILES_ACTIVE": "dev",
              "SERVICE_PORT": 9080
            },
            "deploy_image_file": "imagedefinitions.json",
            "artifact_bucket": "arn:aws:s3:::codepipeline-us-west-1-942532913283",
            "ecs_container_secrets": {
              "HOSTNAME": "/D2/po/service/hostname",
              "JVM_ARGS": "/DEV/po/service/jvm/args",
              "SFMC_ENTERPRISE_CLIENT_ID": "/DEV/po/sfmc/enterprise-client-id",
              "SFMC_ENTERPRISE_CLIENT_KEYNAME": "/DEV/po/sfmc/enterprise-client-keyname",
              "SFMC_ENTERPRISE_CLIENT_CLIENT_ID": "/DEV/po/sfmc/enterprise-client-client-id",
              "SFMC_ENTERPRISE_CLIENT_CLIENT_SECRET": "/DEV/po/sfmc/enterprise-client-client-secret",
              "SFMC_AUTH_ENDPOINT": "/DEV/po/sfmc/auth-endpoint",
              "SFMC_ENDPOINT": "/DEV/po/sfmc/endpoint",
              "SFMC_SOAP_ENDPOINT": "/DEV/po/sfmc/soap-endpoint",
              "SFMC_OAUTH2_FLAG": "/DEV/po/sfmc/oauth2-flag",
              "SFMC_CFX_RECEIVE_TIMEOUT": "/DEV/po/sfmc/cfx-receive-timeout",
              "SFMC_CFX_CONNECT_TIMEOUT": "/DEV/po/sfmc/cfx-connect-timeout",
              "SFMC_BASE_URL": "/DEV/po/sfmc/base-url",
              "GOOGLE_BASE_URL": "/DEV/po/google/base-url",
              "GOOGLE_RECAPTCHA_V2_KEY_SITE": "/DEV/po/google/recaptcha/key-site",
              "GOOGLE_RECAPTCHA_V2_KEY_SECRET": "/DEV/po/google/recaptcha/key-secret",
              "GOOGLE_RECAPTCHA_V2_TEST_KEY_SITE": "/DEV/po/google/recaptcha/test-key-site",
              "GOOGLE_RECAPTCHA_V2_TEST_KEY_SECRET": "/DEV/po/google/recaptcha/test-key-secret",
              "RETROFIT_TIMEOUT": "/DEV/po/retrofit/timeout",
              "SWAGGER_USERNAME": "/DEV/po/swagger/username",
              "SWAGGER_PASSWORD": "/DEV/po/swagger/password",
              "LAUNCH_DARKLY_BASE_URL": "/DEV/po/launch-darkly/base-url",
              "LAUNCH_DARKLY_ACCESS_TOKEN": "/DEV/po/launch-darkly/access-token",
              "LAUNCH_DARKLY_PROJECT_KEY": "/DEV/po/launch-darkly/project-key",
              "LAUNCH_DARKLY_SDK_KEY": "/DEV/po/launch-darkly/sdk-key",
              "LAUNCH_DARKLY_USER_KEY_IS_PII": "/DEV/po/launch-darkly/user-key-is-pii",
              "LAUNCH_DARKLY_ANONYMOUS_USER_KEY": "/DEV/po/launch-darkly/anonymous-user-key",
              "VENDOR_HEALTH_ENTRY_EXPIRES_MIN": "/DEV/po/vendor/health-entry-expiration-min",
              "VENDOR_HEALTH_TIMEOUT_EXPIRES_MIN": "/DEV/po/timeout/vendor-health-expiration-min",
              "LOG_LEVEL": "/DEV/po/logging/level",
              "ENABLE_LOG_FOR_INTERNAL_HTTP_TRAFFIC" : "/DEV/po/logging/enable-log-for-internal-http-traffic",
              "ENABLE_LOG_FOR_VENDOR_HTTP_TRAFFIC" : "/DEV/po/logging/enable-log-for-vendor-http-traffic",
              "INTERNAL_HTTP_LOGGING_DISPLAY_ALL_HEADERS" : "/DEV/po/logging/internal-http-logging-display-all-headers",
              "INTERNAL_HTTP_LOGGING_DISPLAY_FULL_PAYLOAD" : "/DEV/po/logging/internal-http-logging-display-full-payload",
              "VENDOR_HTTP_LOGGING_DISPLAY_ALL_HEADERS" : "/DEV/po/logging/vendor-http-logging-display-all-headers",
              "VENDOR_HTTP_LOGGING_DISPLAY_FULL_PAYLOAD" : "/DEV/po/logging/vendor-http-logging-display-full-payload",
              "VENDOR_RETROFIT_LOGGING" : "/DEV/po/logging/vendor-retrofit-logging"
            },
            "ecs_container_log_prefix": "ecs",
            "ecs_service_desired_count": 1,
            "cdk_health_code": "200",
            "cdk_health_path": "/po/marketing/actuator/health",
            "cdk_heath_port": "8443",
            "lb_listeners": [
              {
                "id": "Ext",
                "cdk_wpc1_ext_listener_arn": "arn:aws:elasticloadbalancing:us-west-1:903921672561:listener/app/po-web-dev1/048c6370109fbecd/7f1339b171776385",
                "cdk_web_sg": "sg-0a0a1a3bdf57450b5",
                "host_headers": [
                  "www.d2.dev.myretirement.com",
                  "www.d2.dev.icanretire.com"                ],
                "path_pattern": "/po/marketing/*",
                "listener_priority": 10
              }
            ]
          },
          {
            "id": "Web",
            "name": "po-web-d2-1",
            "memory": 2048,
            "cpu": 1024,
            "ecs_container_name": "participant-outcomes-web-d2",
            "ecs_image_name": "903921672561.dkr.ecr.us-west-1.amazonaws.com/po-web-d2",
            "deploy_image_file": "imagedefinitions.json",
            "artifact_bucket": "arn:aws:s3:::codepipeline-us-west-1-942532913283",
            "source_repo": {
              "repo_name": "participant-outcomes-web-react",
              "repo_branch": "d2-branch",
              "oauth_token_secret": "github/oauth/token",
              "repo_owner": "capgroup-cxt"
            },
            "ecs_container_environment": {
              "SERVICE_PORT": 9080
            },
            "ecs_container_secrets": {
              "AEM_LOAD_BALANCER_HOST": "/DEV/po/aem/proxy-url-base",
              "AEM_BASE_URL": "/DEV/po/aem/base-url",
              "DNS_RESOLVER": "/dev/dns/resolver",
              "WEB_CONFIG_JS": "/DEV/po/web/config-js"
            },
            "ecs_container_log_prefix": "ecs",
            "ecs_service_desired_count": 1,
            "cdk_health_code": "200",
            "cdk_health_path": "/",
            "cdk_heath_port": "8443",
            "lb_listeners": [
              {
                "id": "Ext",
                "cdk_wpc1_ext_listener_arn": "arn:aws:elasticloadbalancing:us-west-1:903921672561:listener/app/po-web-dev1/048c6370109fbecd/7f1339b171776385",
                "cdk_web_sg": "sg-0a0a1a3bdf57450b5",
                "host_headers": [
                  "www.d2.dev.myretirement.com",
                  "www.d2.dev.icanretire.com"
                ],
                "path_pattern": "",
                "listener_priority": 11
              }
            ]
          }
        ],
        "ecs_subnet_groups": [
          {
            "name": "container-app-us-west-1b",
            "subnet_id": "subnet-05ac651aa02a9f553",
            "availability_zone": "us-west-1b",
            "route_table_id": "rtb-00e77b2e0fb725784"
          },
          {
            "name": "container-app-us-west-1c",
            "subnet_id": "subnet-013fbbe249da50f07",
            "availability_zone": "us-west-1c",
            "route_table_id": "rtb-00e77b2e0fb725784"
          }
        ],
        "ecs_subnet_group": [
          "subnet-05ac651aa02a9f553",
          "subnet-013fbbe249da50f07"
        ],
        "ecs_security_group": [
          "sg-017f5efca1dc2410f",
          "sg-0b1043544c5aa23ab"
        ],
        "ecs_target_group_port": 8443
      }
    ]
  }
}
