{
  "app": "mvn -e -q compile exec:java",
  "context": {
    "@aws-cdk/core:enableStackNameDuplicates": "true",
    "aws-cdk:enableDiffNoFail": "true",
    "@aws-cdk/core:stackRelativeExports": "true",
    "environments": [
      {
        "environment": "PVW",
        "stack_suffix": "PVW",
        "postgres_full_version": "11.7",
        "postgres_major_version": "11",
        "aws_account_number": "571524409385",
        "vpc_id": "vpc-0d59a2b6b2894db3f",
        "region": "usw1",
        "availability_zone": ["us-west-1a" ,"us-west-1c"],
        "admin-boundary-arn": "arn:aws:iam::571524409385:policy/AdminPermissionsBoundary",
        "db_subnet_group": ["subnet-0dcfc5293ff4ebb10", "subnet-04283c9a88ad56e56"],
        "db_security_group": ["sg-0bba8634e1d9e339c"],
        "db_cluster_id": "aa00002950-po-pvw1-clus-1",
        "db_name": "po",
        "db_master_user_name": "po_master",
        "db_port_number": 5432,
        "db_instance_class": "BURSTABLE3",
        "db_instance_size": "MEDIUM",
        "db_cluster_deletion_protection": "false",
        "db_retention_days": 35,
        "db_kms_key_arn": "arn:aws:kms:us-west-1:571524409385:key/eadfbd3a-c55d-4b5f-ba84-315c288deb57",
        "ecs_cluster_name": "participant-outcomes-pvw",
        "ecs_platform_version": "VERSION1_4",
        "tags": {
          "usage-id": "AA00002950",
          "sd-period": "NA",
          "exp-date": "99-00-9999",
          "ppmc-id": "85758",
          "toc": "NAD-MC",
          "env-type": "pvw",
          "cost-center": "524067"
        },
        "sidecar": {
          "id": "Sidecar",
          "image_name": "571524409385.dkr.ecr.us-west-1.amazonaws.com/aa00001283-ixt-nginx-sidecar",
          "environment": {
          },
          "secrets": {
            "TLS_CERT": "/prd/sslcert-int",
            "TLS_KEY": "/prd/sslprvkey-int"
          },
          "port": 8443
        },
        "ecs_services": [
          {
            "id": "Calculator",
            "name": "po-calculator-service-pvw1",
            "memory": 2048,
            "cpu": 1024,
            "ecs_container_name": "po-calculator-service-pvw",
            "ecs_image_name": "410997643304.dkr.ecr.us-west-1.amazonaws.com/aa00002950-po-calculator-service",
            "ecs_container_environment": {
              "SPRING_PROFILES_ACTIVE": "prod",
              "SERVICE_PORT": 9080
            },
            "ecs_container_secrets": {
              "HOSTNAME": "/PVW/po/service/hostname",
              "MIN_AGE_FOR_ADDITIONAL_CONTRIBUTION_LIMITS": "/PVW/po/retirement/min-age-for-additional-contribution-limits",
              "MAX_EMPLOYEE_CONTRIBUTIONS_WHEN_NOT_MEETING_MIN_AGE_FOR_ADDITIONAL_CONTRIBUTION_LIMITS": "/PVW/po/retirement/max-employee-contributions-when-not-meeting-min-age-for-additional-contribution-limits",
              "MAX_EMPLOYEE_CONTRIBUTIONS_WHEN_MEETING_MIN_AGE_FOR_ADDITIONAL_CONTRIBUTION_LIMITS": "/PVW/po/retirement/max-employee-contributions-when-meeting-min-age-for-additional-contribution-limits",
              "MAX_CONTRIBUTIONS_WHEN_NOT_MEETING_MIN_AGE_FOR_ADDITIONAL_CONTRIBUTION_LIMITS": "/PVW/po/retirement/max-contributions-when-not-meeting-min-age-for-additional-contribution-limits",
              "DEFAULT_RETIREMENT_AGE": "/PVW/po/retirement/default-retirement-age",
              "MAX_CONTRIBUTIONS_WHEN_MEETING_MIN_AGE_FOR_ADDITIONAL_CONTRIBUTION_LIMITS": "/PVW/po/retirement/max-contributions-when-meeting-min-age-for-additional-contribution-limits",
              "JVM_ARGS": "/PVW/po/service/jvm/args",
              "SWAGGER_USERNAME": "/PVW/po/swagger/username",
              "SWAGGER_PASSWORD": "/PVW/po/swagger/password",
              "VENDOR_HEALTH_ENTRY_EXPIRES_MIN": "/PVW/po/vendor/health-entry-expiration-min",
              "VENDOR_HEALTH_TIMEOUT_EXPIRES_MIN": "/PVW/po/timeout/vendor-health-expiration-min",
              "LOG_LEVEL": "/PVW/po/logging/level",
              "ENABLE_LOG_FOR_INTERNAL_HTTP_TRAFFIC" : "/PVW/po/logging/enable-log-for-internal-http-traffic",
              "ENABLE_LOG_FOR_VENDOR_HTTP_TRAFFIC" : "/PVW/po/logging/enable-log-for-vendor-http-traffic",
              "INTERNAL_HTTP_LOGGING_DISPLAY_ALL_HEADERS" : "/PVW/po/logging/internal-http-logging-display-all-headers",
              "INTERNAL_HTTP_LOGGING_DISPLAY_FULL_PAYLOAD" : "/PVW/po/logging/internal-http-logging-display-full-payload",
              "VENDOR_HTTP_LOGGING_DISPLAY_ALL_HEADERS" : "/PVW/po/logging/vendor-http-logging-display-all-headers",
              "VENDOR_HTTP_LOGGING_DISPLAY_FULL_PAYLOAD" : "/PVW/po/logging/vendor-http-logging-display-full-payload",
              "VENDOR_RETROFIT_LOGGING" : "/PVW/po/logging/vendor-retrofit-logging"
            },
            "ecs_container_log_prefix": "ecs",
            "ecs_service_desired_count": 3,
            "cdk_health_code": "200",
            "cdk_health_path": "/po/calculator/actuator/health",
            "cdk_heath_port": "8443",
            "lb_listeners": [
              {
                "id": "Ext",
                "cdk_wpc1_ext_listener_arn": "arn:aws:elasticloadbalancing:us-west-1:571524409385:listener/app/wrt1-container-ext/c2e3c7404053fdf4/b5b628fdb10b1afe",
                "cdk_web_sg": "sg-09748854de4facce1",
                "host_headers": [
                  "www.pvw.myretirement.com",
                  "www.pvw.icanretire.com"
                ],
                "path_pattern": "/po/calculator/*",
                "listener_priority": 55
              }
            ]
          },
          {
            "id": "Content",
            "name": "po-content-service-pvw1",
            "memory": 2048,
            "cpu": 1024,
            "ecs_container_name": "po-content-service-pvw",
            "ecs_image_name": "410997643304.dkr.ecr.us-west-1.amazonaws.com/aa00002950-po-content-service",
            "ecs_container_environment": {
              "SPRING_PROFILES_ACTIVE": "prod",
              "SERVICE_PORT": 9080
            },
            "ecs_container_secrets": {
              "HOSTNAME": "/PVW/po/service/hostname",
              "DATASOURCE_URL": "/PVW/po/datasource/pg/url",
              "DATASOURCE_PO_APP_USER": "/PVW/po/datasource/pg/user",
              "DATASOURCE_PO_APP_USER_PW": "/PVW/po/datasource/pg/password",
              "DATASOURCE_DRIVER_CLASS_NAME": "/PVW/po/datasource/pg/driver-class-name",
              "HIBERNATE_DIALECT": "/PVW/po/jpa/hibernate/dialect",
              "RDS_HEALTH_ENTRY_EXPIRES_MIN": "/PVW/po/rds/health-entry-expiration-min",
              "LAUNCH_DARKLY_BASE_URL": "/PVW/po/launch-darkly/base-url",
              "LAUNCH_DARKLY_ACCESS_TOKEN": "/PVW/po/launch-darkly/access-token",
              "LAUNCH_DARKLY_PROJECT_KEY": "/PVW/po/launch-darkly/project-key",
              "LAUNCH_DARKLY_SDK_KEY": "/PVW/po/launch-darkly/sdk-key",
              "LAUNCH_DARKLY_USER_KEY_IS_PII": "/PVW/po/launch-darkly/user-key-is-pii",
              "LAUNCH_DARKLY_ANONYMOUS_USER_KEY": "/PVW/po/launch-darkly/anonymous-user-key",
              "VENDOR_HEALTH_ENTRY_EXPIRES_MIN": "/PVW/po/vendor/health-entry-expiration-min",
              "VENDOR_HEALTH_TIMEOUT_EXPIRES_MIN": "/PVW/po/timeout/vendor-health-expiration-min",
              "SMTP_HOST": "/PVW/po/smtp/host",
              "SMTP_USERNAME": "/PVW/po/smtp/username",
              "SMTP_PASSWORD": "/PVW/po/smtp/password",
              "SMTP_PORT": "/PVW/po/smtp/port",
              "AEM_BASE_URL": "/PVW/po/aem/base-url",
              "DISCLOSURE_BASE_URL": "/PVW/po/dig/base-url",
              "DISCLOSURE_CLIENT_ID": "/PVW/po/dig/client-id",
              "SMTP_HEALTH_ENTRY_EXPIRES_MIN": "/PVW/po/smtp/health-entry-expiration-min",
              "NON_PROD_CLEANSING_GROUP_EMAIL": "/PVW/po/non-prod-cleansing-group-email",
              "JVM_ARGS": "/PVW/po/service/jvm/args",
              "GOOGLE_BASE_URL": "/PVW/po/google/base-url",
              "GOOGLE_RECAPTCHA_V2_KEY_SITE": "/PVW/po/google/recaptcha/key-site",
              "GOOGLE_RECAPTCHA_V2_KEY_SECRET": "/PVW/po/google/recaptcha/key-secret",
              "GOOGLE_RECAPTCHA_V2_TEST_KEY_SITE": "/PVW/po/google/recaptcha/test-key-site",
              "GOOGLE_RECAPTCHA_V2_TEST_KEY_SECRET": "/PVW/po/google/recaptcha/test-key-secret",
              "RETROFIT_TIMEOUT": "/PVW/po/retrofit/timeout",
              "SWAGGER_USERNAME": "/PVW/po/swagger/username",
              "SWAGGER_PASSWORD": "/PVW/po/swagger/password",
              "LOG_LEVEL": "/PVW/po/logging/level",
              "ENABLE_LOG_FOR_INTERNAL_HTTP_TRAFFIC" : "/PVW/po/logging/enable-log-for-internal-http-traffic",
              "ENABLE_LOG_FOR_VENDOR_HTTP_TRAFFIC" : "/PVW/po/logging/enable-log-for-vendor-http-traffic",
              "INTERNAL_HTTP_LOGGING_DISPLAY_ALL_HEADERS" : "/PVW/po/logging/internal-http-logging-display-all-headers",
              "INTERNAL_HTTP_LOGGING_DISPLAY_FULL_PAYLOAD" : "/PVW/po/logging/internal-http-logging-display-full-payload",
              "VENDOR_HTTP_LOGGING_DISPLAY_ALL_HEADERS" : "/PVW/po/logging/vendor-http-logging-display-all-headers",
              "VENDOR_HTTP_LOGGING_DISPLAY_FULL_PAYLOAD" : "/PVW/po/logging/vendor-http-logging-display-full-payload",
              "VENDOR_RETROFIT_LOGGING" : "/PVW/po/logging/vendor-retrofit-logging"
            },
            "ecs_container_log_prefix": "ecs",
            "ecs_service_desired_count": 4,
            "cdk_health_code": "200",
            "cdk_health_path": "/po/content/actuator/health",
            "cdk_heath_port": "8443",
            "lb_listeners": [
              {
                "id": "Ext",
                "cdk_wpc1_ext_listener_arn": "arn:aws:elasticloadbalancing:us-west-1:571524409385:listener/app/wrt1-container-ext/c2e3c7404053fdf4/b5b628fdb10b1afe",
                "cdk_web_sg": "sg-09748854de4facce1",
                "host_headers": [
                  "www.pvw.myretirement.com",
                  "www.pvw.icanretire.com"
                ],
                "path_pattern": "/po/content/*",
                "listener_priority": 56
              }
            ]
          },
          {
            "id": "Marketing",
            "name": "po-marketing-service-pvw1",
            "memory": 2048,
            "cpu": 1024,
            "ecs_container_name": "po-marketing-service-pvw",
            "ecs_image_name": "410997643304.dkr.ecr.us-west-1.amazonaws.com/aa00002950-po-marketing-service",
            "ecs_container_environment": {
              "SPRING_PROFILES_ACTIVE": "prod",
              "SERVICE_PORT": 9080
            },
            "ecs_container_secrets": {
              "HOSTNAME": "/PVW/po/service/hostname",
              "JVM_ARGS": "/PVW/po/service/jvm/args",
              "SFMC_ENTERPRISE_CLIENT_ID": "/PVW/po/sfmc/enterprise-client-id",
              "SFMC_ENTERPRISE_CLIENT_KEYNAME": "/PVW/po/sfmc/enterprise-client-keyname",
              "SFMC_ENTERPRISE_CLIENT_CLIENT_ID": "/PVW/po/sfmc/enterprise-client-client-id",
              "SFMC_ENTERPRISE_CLIENT_CLIENT_SECRET": "/PVW/po/sfmc/enterprise-client-client-secret",
              "SFMC_AUTH_ENDPOINT": "/PVW/po/sfmc/auth-endpoint",
              "SFMC_ENDPOINT": "/PVW/po/sfmc/endpoint",
              "SFMC_SOAP_ENDPOINT": "/PVW/po/sfmc/soap-endpoint",
              "SFMC_OAUTH2_FLAG": "/PVW/po/sfmc/oauth2-flag",
              "SFMC_CFX_RECEIVE_TIMEOUT": "/PVW/po/sfmc/cfx-receive-timeout",
              "SFMC_CFX_CONNECT_TIMEOUT": "/PVW/po/sfmc/cfx-connect-timeout",
              "SFMC_BASE_URL": "/PVW/po/sfmc/base-url",
              "GOOGLE_BASE_URL": "/PVW/po/google/base-url",
              "GOOGLE_RECAPTCHA_V2_KEY_SITE": "/PVW/po/google/recaptcha/key-site",
              "GOOGLE_RECAPTCHA_V2_KEY_SECRET": "/PVW/po/google/recaptcha/key-secret",
              "GOOGLE_RECAPTCHA_V2_TEST_KEY_SITE": "/PVW/po/google/recaptcha/test-key-site",
              "GOOGLE_RECAPTCHA_V2_TEST_KEY_SECRET": "/PVW/po/google/recaptcha/test-key-secret",
              "RETROFIT_TIMEOUT": "/PVW/po/retrofit/timeout",
              "SWAGGER_USERNAME": "/PVW/po/swagger/username",
              "SWAGGER_PASSWORD": "/PVW/po/swagger/password",
              "LAUNCH_DARKLY_BASE_URL": "/PVW/po/launch-darkly/base-url",
              "LAUNCH_DARKLY_ACCESS_TOKEN": "/PVW/po/launch-darkly/access-token",
              "LAUNCH_DARKLY_PROJECT_KEY": "/PVW/po/launch-darkly/project-key",
              "LAUNCH_DARKLY_SDK_KEY": "/PVW/po/launch-darkly/sdk-key",
              "LAUNCH_DARKLY_USER_KEY_IS_PII": "/PVW/po/launch-darkly/user-key-is-pii",
              "LAUNCH_DARKLY_ANONYMOUS_USER_KEY": "/PVW/po/launch-darkly/anonymous-user-key",
              "VENDOR_HEALTH_ENTRY_EXPIRES_MIN": "/PVW/po/vendor/health-entry-expiration-min",
              "VENDOR_HEALTH_TIMEOUT_EXPIRES_MIN": "/PVW/po/timeout/vendor-health-expiration-min",
              "LOG_LEVEL": "/PVW/po/logging/level",
              "ENABLE_LOG_FOR_INTERNAL_HTTP_TRAFFIC" : "/PVW/po/logging/enable-log-for-internal-http-traffic",
              "ENABLE_LOG_FOR_VENDOR_HTTP_TRAFFIC" : "/PVW/po/logging/enable-log-for-vendor-http-traffic",
              "INTERNAL_HTTP_LOGGING_DISPLAY_ALL_HEADERS" : "/PVW/po/logging/internal-http-logging-display-all-headers",
              "INTERNAL_HTTP_LOGGING_DISPLAY_FULL_PAYLOAD" : "/PVW/po/logging/internal-http-logging-display-full-payload",
              "VENDOR_HTTP_LOGGING_DISPLAY_ALL_HEADERS" : "/PVW/po/logging/vendor-http-logging-display-all-headers",
              "VENDOR_HTTP_LOGGING_DISPLAY_FULL_PAYLOAD" : "/PVW/po/logging/vendor-http-logging-display-full-payload",
              "VENDOR_RETROFIT_LOGGING" : "/PVW/po/logging/vendor-retrofit-logging"
            },
            "ecs_container_log_prefix": "ecs",
            "ecs_service_desired_count": 2,
            "cdk_health_code": "200",
            "cdk_health_path": "/po/marketing/actuator/health",
            "cdk_heath_port": "8443",
            "lb_listeners": [
              {
                "id": "Ext",
                "cdk_wpc1_ext_listener_arn": "arn:aws:elasticloadbalancing:us-west-1:571524409385:listener/app/wrt1-container-ext/c2e3c7404053fdf4/b5b628fdb10b1afe",
                "cdk_web_sg": "sg-09748854de4facce1",
                "host_headers": [
                  "www.pvw.myretirement.com",
                  "www.pvw.icanretire.com"
                ],
                "path_pattern": "/po/marketing/*",
                "listener_priority": 57
              }
            ]
          },
          {
            "id": "Web",
            "name": "po-web-pvw1",
            "memory": 2048,
            "cpu": 1024,
            "ecs_container_name": "participant-outcomes-web-pvw1",
            "ecs_image_name": "410997643304.dkr.ecr.us-west-1.amazonaws.com/aa00002950-po-web",
            "ecs_container_environment": {
              "SERVICE_PORT": 9080
            },
            "ecs_container_secrets": {
              "AEM_LOAD_BALANCER_HOST": "/PVW/po/aem/proxy-url-base",
              "AEM_BASE_URL": "/PVW/po/aem/base-url",
              "DNS_RESOLVER": "/prd/dns/resolver",
              "WEB_CONFIG_JS": "/PVW/po/web/config-js"
            },
            "ecs_container_log_prefix": "ecs",
            "ecs_service_desired_count": 1,
            "cdk_health_code": "200",
            "cdk_health_path": "/",
            "cdk_heath_port": "8443",
            "lb_listeners": [
              {
                "id": "Ext",
                "cdk_wpc1_ext_listener_arn": "arn:aws:elasticloadbalancing:us-west-1:571524409385:listener/app/wrt1-container-ext/c2e3c7404053fdf4/b5b628fdb10b1afe",
                "cdk_web_sg": "sg-09748854de4facce1",
                "host_headers": [
                  "www.pvw.myretirement.com",
                  "www.pvw.icanretire.com"
                ],
                "path_pattern": "",
                "listener_priority": 58
              }
            ]
          }
        ],
        "ecs_subnet_groups": [
          {
            "name": "Subnet1",
            "subnet_id": "subnet-0dcfc5293ff4ebb10",
            "availability_zone": "us-west-1a",
            "route_table_id": "rtb-0e3cedb568e2f7910"
          },
          {
            "name": "Subnet2",
            "subnet_id": "subnet-04283c9a88ad56e56",
            "availability_zone": "us-west-1c",
            "route_table_id": "rtb-0e3cedb568e2f7910"
          }
        ],
        "ecs_subnet_group": ["subnet-0dcfc5293ff4ebb10", "subnet-04283c9a88ad56e56"],
        "ecs_security_group": ["sg-0bba8634e1d9e339c"],
        "ecs_target_group_port": 8443
      }
    ]
  }
}
