{
  "vpc-provider:account=903921672561:filter.vpc-id=vpc-0f3094be8813237c1:region=us-west-1:returnAsymmetricSubnets=true": {
    "vpcId": "vpc-0f3094be8813237c1",
    "vpcCidrBlock": "10.244.144.0/21",
    "availabilityZones": [],
    "vpnGatewayId": "vgw-0b633fcf647446c53",
    "subnetGroups": [
      {
        "name": "Public",
        "type": "Public",
        "subnets": [
          {
            "subnetId": "subnet-04afd93d494df876b",
            "cidr": "10.244.147.64/27",
            "availabilityZone": "us-west-1b",
            "routeTableId": "rtb-00fd05d8eebddcb6e"
          },
          {
            "subnetId": "subnet-0ddf4c0699f49ef71",
            "cidr": "10.244.147.96/27",
            "availabilityZone": "us-west-1c",
            "routeTableId": "rtb-00fd05d8eebddcb6e"
          }
        ]
      },
      {
        "name": "Private",
        "type": "Private",
        "subnets": [
          {
            "subnetId": "subnet-0f307d86625b6b6d4",
            "cidr": "10.244.147.0/27",
            "availabilityZone": "us-west-1b",
            "routeTableId": "rtb-04e7de49cb0721305"
          },
          {
            "subnetId": "subnet-05ac651aa02a9f553",
            "cidr": "10.244.144.0/24",
            "availabilityZone": "us-west-1b",
            "routeTableId": "rtb-00e77b2e0fb725784"
          },
          {
            "subnetId": "subnet-09971cfd1a4468b3d",
            "cidr": "10.244.146.0/25",
            "availabilityZone": "us-west-1b",
            "routeTableId": "rtb-03afe8a610548696b"
          },
          {
            "subnetId": "subnet-08b53a14a87e8ce8a",
            "cidr": "10.244.146.128/25",
            "availabilityZone": "us-west-1c",
            "routeTableId": "rtb-03afe8a610548696b"
          },
          {
            "subnetId": "subnet-00afbbd3cae30f5b2",
            "cidr": "10.244.147.32/27",
            "availabilityZone": "us-west-1c",
            "routeTableId": "rtb-04e7de49cb0721305"
          },
          {
            "subnetId": "subnet-013fbbe249da50f07",
            "cidr": "10.244.145.0/24",
            "availabilityZone": "us-west-1c",
            "routeTableId": "rtb-00e77b2e0fb725784"
          }
        ]
      }
    ]
  }
}
