{
	"app": "mvn -e compile exec:java",
	"context": {
		"@aws-cdk/core:enableStackNameDuplicates": "true",
		"aws-cdk:enableDiffNoFail": "true",
		"aws-cdk/core:stackRelavtiveExports": "true",

		"environment": {
			"account": "903921672561",
			"region": "us-west-1",
			"name": "dev"
		},
		"tags": {
			"usageId": "AA00002573",
			"sdPeriod": "NA",
			"expDate": "99-00-9999",
			"ppmcId": "87887",
			"toc": "NAD-MC",
			"envType": "dev",
			"costCenter": "524072"
		},
		"vpcId": "vpc-0f3094be8813237c1",
		"subnetGroups": [{
				"name": "Subnet1",
				"subnetId": "subnet-09971cfd1a4468b3d",
				"az": "us-west-1b",
				"routeTableId": "rtb-03afe8a610548696b"
			},
			{
				"name": "Subnet2",
				"subnetId": "subnet-013fbbe249da50f07",
				"az": "us-west-1c",
				"routeTableId": "rtb-00e77b2e0fb725784"
			}
		],
		"securityGroups": {
         "serviceId": "sg-017f5efca1dc2410f",
         "albListenerId": "sg-0a0a1a3bdf57450b5"
        },
		"alb": {
			"listenerArn": "arn:aws:elasticloadbalancing:us-west-1:903921672561:listener/app/wrt1-container-int/f9c8fa8add52899c/1bbd16278c48f07d",
			"priority": 81,
			"host": ["pss-product-data-services.dev.usw1.digital.capgroup.com"]
		},
		"clusterName": "pss",
		"serviceName": "pss-product-data-services-svc",
		"serviceTask": {
			"name": "pss-product-data-services",
			"memory": 2048,
			"cpu": 1024,
			"count": 1,
			"sidecarPort": 443,
			"sidecarContainerImage": "903921672561.dkr.ecr.us-west-1.amazonaws.com/adm-sidecar-ssl",
			"clusterArn": "arn:aws:ecs:us-west-1:903921672561:cluster/pss-product",
			"serviceContainerImage": "903921672561.dkr.ecr.us-west-1.amazonaws.com/capgroup-cxt/pss-product-data-services",
			"targetGroupHealth": "/actuator/health",
			"targetGroupHealthStatusCode": "200",
			"logPrefix": "ecs",
			"ssmPolicyResourcePattern": "arn:aws:ssm:*:*:paramter/*pss/*",
			"serviceEnvironment": {
				"SPRING_PROFILES_ACTIVE": "dev"
			},
			"serviceSecrets": {
				"FACTSET_KEY_ID": "/pss/product-data/factset-key-id:1",
				"FACTSET_PRIVATE_KEY": "/pss/product-data/factset-private-key:1",
				"FACTSET_CLIENT_ID": "/pss/product-data/factset-client-id:1"
			},
			"sidecarEnvironment": {
				"APP_PORT": 8080,
				"TZ": "America/Los_Angeles"
			},
			"sidecarSecrets": {
				"MY_CERT": "/sslcert-int:1",
				"MY_PKEY": "/sslprvkey-int:1"
			}
		},
		"apiGateway": {
			"corsOrigin": [ "*" ],
			"vpcEndpointId" : "vpce-0f448feda90dd1852",
			"SecurityGroupId" : "sg-0b1043544c5aa23ab"
		}

	}
}